{
  "holes": {
    "geometry": [
      [
        [
          0.0,
          -2.5
        ],
        [
          2.5,
          -0.875
        ]
      ],
      [
        [
          0.0,
          -8.0
        ],
        [
          6.0,
          -4.2
        ]
      ]
    ],
    "params": {
      "min_angle": -180.0,
      "max_angle": 180.0,
      "max_length": 30.0,
      "min_length": 0.3,
      "spacing": 10.0
    }
  },
  "charges": {
    "geometry": [
      [
        [
          0.0,
          -4.5
        ],
        [
          3.9499988671888278,
          -2.2524989238293864
        ]
      ],
      [
        [
          0.0,
          -8.0
        ],
        [
          6.0,
          -4.2
        ]
      ]
    ]
  }
}